pregrasp_ok,min_ee_peg,grasp_formed,t_first_grasp,max_peg_z,min_pg_grasped,reached_target,released_after_reach,success,steps
0,0.0173948648436554,1,14,0.27617313264208865,0.01850482980633359,1,0,1,34
0,0.01630181324586396,1,14,0.2876074635852569,0.013339967854974686,1,0,1,32
0,0.01562996611474938,1,24,0.2967253607410925,0.02535442803022907,1,0,1,42
0,0.03970193203654834,1,10,0.1587842697873672,0.007619911090460882,1,0,1,20
0,0.024469085550966496,1,23,0.2335151249680012,0.015028216997657962,1,0,1,35
0,0.01714287005663771,1,10,0.1828951127338585,0.008444142454143643,1,0,1,19
0,0.018387308525565402,1,19,0.1414377506985318,0.013990752031687037,1,0,1,29
0,0.017815727937859547,1,11,0.38127083466399414,0.029966441552360404,1,0,1,35
0,0.017441979642615225,1,19,0.19123510788516265,0.011743692201851503,1,0,1,30
0,0.017007987235914932,1,25,0.2483176067818494,0.021512649138371982,1,0,1,42
0,0.023431205113370907,1,29,0.25154033252053576,0.017140284459698403,1,0,1,42
0,0.020854528663506854,1,10,0.16159917218770808,0.019295738605863838,1,0,1,24
0,0.03721807717985241,1,28,0.29413442659938865,0.020679256087691125,1,0,1,47
0,0.018947294462031302,1,13,0.18612307669192413,0.016589289265634223,1,0,1,25
0,0.02085287955221414,1,29,0.29517521054115453,0.012620549870973897,1,0,1,43
0,0.01909918655293232,1,10,0.1583394426919566,0.010711336501126132,1,0,1,24
0,0.018954812363942464,1,20,0.2838201467232921,0.009024232278974021,1,0,1,36
0,0.017357273786716705,1,14,0.26233132417044597,0.025775511834761327,1,0,1,28
0,0.01963749144581199,1,25,0.1281846304281497,0.010018088820452738,1,0,1,37
0,0.01942295980613147,1,27,0.20503318283784977,0.005503902208982039,1,0,1,40
0,0.018637167813470957,1,27,0.2600540670126891,0.011630137134690664,1,0,1,40
0,0.021696836911475118,1,37,0.28956887525881203,0.019877369118938417,1,0,1,59
0,0.019163186770897244,1,13,0.17980319003335105,0.012086566958212835,1,0,1,21
0,0.016774400465821373,1,21,0.1937856113310565,0.018447199279313098,1,0,1,36
0,0.018022058746092,1,14,0.2266309690684437,0.010275758486374723,1,0,1,25
0,0.014682968641595209,1,18,0.22922421154613287,0.017684929066921627,1,0,1,32
0,0.014963437197382771,1,12,0.18076599439780058,0.023271408936358092,1,0,1,22
0,0.02184345536817559,1,21,0.2985157258929004,0.012709403618024967,1,0,1,41
0,0.021849836417534334,1,11,0.1656874409039197,0.01184636040097736,1,0,1,21
0,0.021728501033366827,1,24,0.2284117910421406,0.010778142546896135,1,0,1,38
0,0.03136723357008481,1,18,0.22061946133673188,0.007636864193041252,1,0,1,30
0,0.01755847791778923,1,17,0.21497713174268293,0.008758177138716546,1,0,1,27
0,0.017272718913094183,1,13,0.3000391234417462,0.015883633436507352,1,0,1,25
0,0.019223407958129164,1,10,0.3018123355062967,0.02747664671294995,1,0,1,26
0,0.019834681344958152,1,26,0.37971770958764794,0.02218993282102409,1,0,1,47
0,0.021349569346365976,1,32,0.27225621817076684,0.010618165372623216,1,0,1,45
0,0.019964606242422522,1,24,0.19972696754731864,0.022897109600256225,1,0,1,34
0,0.023041246645974255,1,32,0.2648895712436442,0.01080617753404077,1,0,1,55
0,0.016575095801282937,1,28,0.2157271981805328,0.027109058404751595,1,1,1,39
0,0.02890857959828068,1,15,0.16492906762386517,0.012580353460985044,1,0,1,22
0,0.03172710392255959,1,29,0.1814863845724877,0.028237220955060042,1,0,1,42
0,0.020238077781302596,1,27,0.34117481695037066,0.013856696990112594,1,0,1,51
0,0.01621630869529674,1,16,0.2072908158179368,0.029225592537243283,1,0,1,35
0,0.026176236597570915,1,17,0.16697039354387674,0.007682080241301214,1,0,1,28
0,0.015229702798676125,1,11,0.29503198318813745,0.011071163283763475,1,0,1,26
0,0.017456991229250162,1,24,0.3456178184309001,0.018172799208174852,1,0,1,40
0,0.019760388179612565,1,15,0.2958480299053578,0.01693839829596532,1,0,1,30
0,0.028158880912901085,1,22,0.2915596808187628,0.011654086439073803,1,0,1,45
0,0.018160234420387306,1,26,0.22557331945058914,0.013600669438630216,1,0,1,39
0,0.03286623325468486,1,28,0.22088477345472612,0.011291387434437264,1,0,1,58
0,0.016257637393924575,1,34,0.1598912167569121,0.009127794258809678,1,0,1,46
0,0.019505103295990426,1,29,0.14701967490915963,0.019463010593274776,1,0,1,37
0,0.03182025504215918,1,32,0.2039584078664153,0.010017593648396612,1,0,1,57
0,0.01649968830663757,1,29,0.14353398794258881,0.012753714005845521,1,0,1,36
0,0.017976800622485786,1,10,0.2590005428675978,0.018495376987501966,1,0,1,23
0,0.04400241832315036,1,31,0.15144083010231468,0.024706976724649204,1,0,1,45
0,0.017680591572609566,1,10,0.2408958696714838,0.0281164240714358,1,0,1,22
0,0.018333911340642453,1,28,0.20108791113980806,0.013760553448127207,1,0,1,39
0,0.019188596421984297,1,27,0.3260193129292264,0.024951288553371802,1,0,1,45
0,0.015874532888990753,1,20,0.33994998519929465,0.019370534051994705,1,0,1,34
0,0.018469030551614172,1,23,0.2936662887655812,0.01884606074705314,1,0,1,41
0,0.018875584811028842,1,30,0.1604959055368262,0.009271926487391304,1,0,1,40
0,0.028627684923809963,1,24,0.2822451673038208,0.013339657871303487,1,0,1,40
0,0.028458030385653834,1,9,0.1415804020271789,0.014400884609925325,1,0,1,16
0,0.015474772431159824,1,33,0.35516217314063503,0.010890548241167256,1,0,1,52
0,0.017771835492922418,1,26,0.3161311245052481,0.024594048087438664,1,0,1,43
0,0.044418206652171235,1,14,0.2348231616968077,0.018749951566352323,1,0,1,25
0,0.018174744267906152,1,17,0.21164557004831888,0.01084162572868636,1,0,1,28
0,0.01626086909127633,1,11,0.30027151620682363,0.005677403215951632,1,0,1,25
0,0.020649100653605826,1,19,0.3305031982057842,0.011649571966124213,1,0,1,37
0,0.01830318548789093,1,27,0.24572687145345587,0.0281059989066631,1,0,1,39
0,0.02014379965438891,1,20,0.30522912724880064,0.02288796857156748,1,0,1,37
0,0.017704920016690155,1,20,0.24028211864876112,0.014375828998408682,1,0,1,37
0,0.01705028512222641,1,17,0.33555241332830876,0.009477665073020508,1,0,1,35
0,0.022928199007833668,1,12,0.1438943272626726,0.01824582857902105,1,0,1,24
0,0.019225350128826448,1,31,0.20069696214729102,0.023732281032817822,1,0,1,40
0,0.018637270188895667,1,30,0.22734219447235357,0.02216864317718728,1,0,1,41
0,0.018293021137617247,1,12,0.1538110286757778,0.014187466535163602,1,0,1,19
0,0.017658632103025085,1,29,0.23909184204094416,0.0618510714857239,0,0,0,300
0,0.04781199974773461,1,11,0.27361230420541804,0.022586249936645802,1,0,1,26
0,0.017602031847767083,1,22,0.2908699153449142,0.010780342484523114,1,0,1,33
0,0.0177007425119685,1,33,0.15758189163501077,0.01771739834172454,1,0,1,46
0,0.018819508058776597,1,31,0.1501858267584059,0.013506013445781217,1,0,1,38
0,0.01815755857841113,1,21,0.2620700046782072,0.016670705506423585,1,0,1,35
0,0.016210764609706597,1,19,0.21529921507338148,0.012788745460925666,1,0,1,30
0,0.019300843380936534,1,13,0.2625749090206492,0.013895705922367682,1,0,1,24
0,0.015777710268252112,1,17,0.36256706901025104,0.007616113656602343,1,0,1,34
0,0.018342677667970344,1,33,0.3021252428636987,0.012337531955223923,1,0,1,51
0,0.018078537086906727,1,15,0.1684737591982781,0.01383930138322803,1,0,1,29
0,0.016399610015969932,1,14,0.21511733738357564,0.013891640213315747,1,0,1,25
0,0.04794030842807605,1,22,0.14839942275266615,0.02435615723466139,1,0,1,35
0,0.01697980668783574,1,17,0.2461148962033655,0.007947167903612171,1,0,1,30
0,0.019710857466515862,1,18,0.22063991928282164,0.012304751511656498,1,0,1,28
0,0.027054432515866735,1,12,0.13196459228510324,0.018762001377648,1,0,1,23
0,0.035121017639852,1,25,0.27395778875770854,0.02314715534031437,1,0,1,38
0,0.01567432744348085,1,22,0.23823166623186653,0.019291519291023605,1,0,1,39
0,0.01886295532643514,1,30,0.17239659746489008,0.013466324708262725,1,0,1,37
0,0.01888822266175146,1,30,0.34328520323023465,0.010710426599679222,1,0,1,45
0,0.016275625412016798,1,24,0.22951591527580814,0.0018843420686019173,1,0,1,37
0,0.016818473842165775,1,19,0.2508733744033323,0.006796388888167938,1,0,1,39
0,0.01733757197228123,1,12,0.2843707366140849,0.025451949576693302,1,0,1,26
0,0.01998640903282895,1,23,0.3035989254995881,0.010284858316890175,1,0,1,40
0,0.020879177988819005,1,24,0.275057667915147,0.019732714812725517,1,0,1,36
0,0.018301339227762788,1,21,0.33559565429636457,0.011506220983683453,1,0,1,39
0,0.019080883828369123,1,19,0.3004929121323576,0.012173699335473924,1,0,1,33
0,0.019043788735292697,1,26,0.30823392844981073,0.01681376698693118,1,0,1,42
0,0.016755974661215603,1,11,0.34064505050689614,0.02806466155438106,1,0,1,28
0,0.019122802139097162,1,19,0.3069913573653951,0.013891323247279756,1,0,1,35
0,0.0175545631420557,1,27,0.30817811031066106,0.007698349079622204,1,0,1,41
0,0.018695784827487117,1,25,0.38468383466192674,0.014358376979694358,1,0,1,44
0,0.01828810177145267,1,11,0.16509784936356833,0.024245987122069806,1,0,1,21
0,0.02063289221648738,1,11,0.1715365444109908,0.02639286990517556,1,0,1,21
0,0.02149415715573899,1,13,0.1737114976312532,0.019778645838102155,1,0,1,31
0,0.02761389391757788,1,14,0.15553951640220012,0.0195609557455417,1,0,1,23
0,0.01788757937218447,1,24,0.1683200502356428,0.005423388145044337,1,0,1,34
0,0.028938371867111165,1,26,0.16097984324788336,0.02850064771496801,1,0,1,35
0,0.01826564413030829,1,17,0.15476205398508983,0.024171697885561966,1,0,1,34
0,0.024773125493134093,1,32,0.33632650185127416,0.013970247800730345,1,0,1,54
0,0.018392199502723423,1,30,0.21974066182624435,0.01750981671969406,1,0,1,41
0,0.016781004474569164,1,17,0.2679857965935552,0.01945444884567496,1,0,1,28
0,0.01876325735305973,1,22,0.15945217898819564,0.014628894959092436,1,0,1,37
0,0.019536716159549945,1,16,0.18835002721250516,0.006574732851061827,1,0,1,31
0,0.015550252461411491,1,16,0.23399796889974595,0.02767410775319753,1,1,1,35
0,0.018262738030613068,1,32,0.22682922681528614,0.017761914598603108,1,0,1,45
0,0.01915943209634699,1,28,0.29306521778330835,0.020557017858261844,1,0,1,47
0,0.020827226509807284,1,32,0.21236209565257794,0.027440626616952513,1,0,1,44
0,0.02936331918857285,1,18,0.17656829803965451,0.01574824710734947,1,0,1,31
0,0.024628778170258978,1,15,0.30027214496378507,0.027931768240530494,1,0,1,31
0,0.018843989390279824,1,35,0.36350658592291996,0.010183387484989247,1,0,1,56
0,0.01939935469223257,1,8,0.2993956527211708,0.026422109621699174,1,0,1,21
0,0.016138488071421337,1,15,0.24911488176540453,0.01679724089736667,1,0,1,28
0,0.018679713513309663,1,23,0.29654618934356014,0.020691670656648755,1,0,1,36
0,0.019249048676385706,1,16,0.3335316647008616,0.013027536647577612,1,0,1,30
0,0.02161452658357464,1,17,0.14821386040906023,0.016635292519301115,1,0,1,29
0,0.019000517292059857,1,20,0.1467555215215137,0.029879788701420183,1,0,1,27
0,0.020151108411455,1,21,0.22137528024615205,0.011464601501325411,1,0,1,37
0,0.02037523397771023,1,11,0.27303682436000504,0.021613924732661507,1,0,1,26
0,0.020041754934052625,1,35,0.2457370540323745,0.02475841607864973,1,0,1,52
0,0.01659625359456213,1,11,0.30602199516281703,0.018925547420090966,1,0,1,32
0,0.018770405126922313,1,36,0.3457243152674677,0.015949835210201907,1,0,1,61
0,0.02008544771480758,1,18,0.33595423268691416,0.028099239087780843,1,0,1,37
0,0.019527785698089273,1,13,0.1590788149002319,0.010024617753955495,1,0,1,24
0,0.029009659450013037,1,27,0.32348406258048523,0.015544508052102344,1,0,1,42
0,0.01810242028862791,1,31,0.23862269113466475,0.015131373475412005,1,0,1,43
0,0.015889639621291557,1,18,0.16047590422877828,0.017965649838749296,1,0,1,41
0,0.017618224836757537,1,13,0.35027763458125244,0.029225851684309197,1,0,1,37
0,0.019869815826512618,1,23,0.13916504428928303,0.028461531639181265,1,0,1,31
0,0.01721215094752122,1,32,0.31079902029746415,0.022904402469896033,1,0,1,48
0,0.016886475996932753,1,60,0.367506720535924,0.024410919115157168,1,0,1,88
0,0.016683868007124302,1,28,0.26431077516226237,0.0139172705190152,1,0,1,40
