ever_grasped,n_grasp_events,collided,collided_before_grasp,min_xy_err,min_tilt_deg,max_depth,success,steps
False,0,False,False,0.22541902785664913,0.0021636165584551117,0.0,False,400
False,0,False,False,0.1113578779491293,0.004422060744988557,0.0,False,400
False,0,False,False,0.2616136076334469,0.007531038807405092,0.0,False,400
False,0,False,False,0.14123946731138018,0.0056384193504063285,0.0,False,400
False,0,False,False,0.06785069824734224,0.0022172720214743745,0.0,False,400
False,0,False,False,0.13895007431766135,0.007750791062045629,0.0,False,400
False,0,False,False,0.3363604143576841,0.0023823676634320353,0.0,False,400
False,0,False,False,0.24529847372268154,0.004352663149627201,0.0,False,400
False,0,False,False,0.0666764615461541,0.011038165504553131,0.0,False,400
False,0,False,False,0.18719908825018766,0.00528277588844459,0.0,False,400
False,0,False,False,0.11599838470391828,0.014065676642247964,0.0,False,400
False,0,False,False,0.30475017015656036,0.003782241344183083,0.0,False,400
False,0,False,False,0.11241428087703784,0.001038394102619629,0.0,False,400
False,0,False,False,0.1923942789606813,0.006521032012465658,0.0,False,400
False,0,False,False,0.060366734913851326,0.0052652044960851225,0.0,False,400
False,0,False,False,0.07247801274815878,0.011182735058371697,0.0,False,400
False,0,False,False,0.25677170289496914,0.006354333210766589,0.0,False,400
False,0,False,False,0.3137250276676573,0.005957044697263556,0.0,False,400
False,0,False,False,0.0032608750954414623,0.010727965699649976,0.06006847174957574,True,10
False,0,False,False,0.13916983133758165,0.004744422611803913,0.0,False,400
False,0,False,False,0.14907768967973492,0.0055958986752022615,0.0,False,400
False,0,False,False,0.15799843180000062,0.00498881471840744,0.0,False,400
False,0,False,False,0.39295695005830156,0.007978720565575668,0.0,False,400
False,0,False,False,0.0562565394882337,0.00794631323241209,0.0,False,400
False,0,False,False,0.2820374556947535,0.006832594684600496,0.0,False,400
False,0,False,False,0.06802358566130944,0.003943794788390309,0.0,False,400
False,0,False,False,0.10230044748460858,0.0013185853334771115,0.0,False,400
False,0,False,False,0.2225892022797296,0.008066744614152431,0.0,False,400
False,0,False,False,0.4199283307084214,0.003961025025998311,0.0,False,400
False,0,False,False,0.29851966231457405,0.006519570252232934,0.0,False,400
False,0,False,False,0.12467254650445003,0.005091444691531954,0.0,False,400
False,0,False,False,0.16201916872781244,0.003523299578861874,0.0,False,400
False,0,False,False,0.1422773817327152,0.004154564239643929,0.0,False,400
False,0,False,False,0.17163111436769862,0.004040980748450281,0.0,False,400
False,0,False,False,0.0762605747697178,0.0029220719545600834,0.0,False,400
False,0,False,False,0.3571428925068062,0.0012655330408183935,0.0,False,400
False,0,False,False,0.2633938943846277,0.008228655173163743,0.0,False,400
False,0,False,False,0.21890504169246414,0.007554010085374976,0.0,False,400
False,0,False,False,0.16570986528228804,0.007535301105101674,0.0,False,400
False,0,False,False,0.11723542765693998,0.004061369288979192,0.0,False,400
False,0,False,False,0.33782839892190647,0.010079826071407212,0.0,False,400
False,0,False,False,0.28727708944165664,0.009692154265118245,0.0,False,400
False,0,False,False,0.06954166395471761,0.006305757031209876,0.0,False,400
False,0,False,False,0.12642010427706513,0.0034137587020845314,0.0,False,400
False,0,False,False,0.3208438791556353,0.006254769451434662,0.0,False,400
False,0,False,False,0.09823032004220089,0.00788039116328631,0.0,False,400
False,0,False,False,0.22925635253343413,0.009268164001677522,0.0,False,400
False,0,False,False,0.3558248860398068,0.0018874456085294503,0.0,False,400
False,0,False,False,0.10408872899567145,0.0059108329318487765,0.0,False,400
False,0,False,False,0.22551406454916864,0.003141997798417244,0.0,False,400
False,0,False,False,0.1347724467389043,0.008461728735073311,0.0,False,400
False,0,False,False,0.23010154634303023,0.006734154887525621,0.0,False,400
False,0,False,False,0.39677236157000956,0.00573527364150464,0.0,False,400
False,0,False,False,0.05307602962641534,0.007229073037067567,0.0,False,400
False,0,False,False,0.27232234062248156,0.004522057152402464,0.0,False,400
False,0,False,False,0.12461073806198876,0.006232102589926564,0.0,False,400
False,0,False,False,0.053195582765707176,0.0400529813210748,0.0,False,400
False,0,False,False,0.24708915275001014,0.003937108552310276,0.0,False,400
False,0,False,False,0.30510347170569185,0.003309123674644293,0.0,False,400
False,0,False,False,0.06154923761035322,0.007789382706855155,0.0,False,400
False,0,False,False,0.18815753299268453,0.004143381890490709,0.0,False,400
False,0,False,False,0.21644049443732252,0.005055650331298718,0.0,False,400
False,0,False,False,0.06001846799281401,0.010463419165583047,0.0,False,400
False,0,False,False,0.2174984591448871,0.012367278315824497,0.0,False,400
False,0,False,False,0.08521632903274766,0.012817245064688317,0.0,False,400
False,0,False,False,0.3111644121010012,0.004061423311720414,0.0,False,400
False,0,False,False,0.3225280629664377,0.005579268504811143,0.0,False,400
False,0,False,False,0.05268203125174186,0.001069924866212565,0.0,False,400
False,0,False,False,0.16519410708599258,0.006179743936831917,0.0,False,400
False,0,False,False,0.1321931209027347,0.006094419469235292,0.0,False,400
False,0,False,False,0.2672198114244896,0.011113517557902923,0.0,False,400
False,0,False,False,0.2499775350624757,0.007829789379478532,0.0,False,400
False,0,False,False,0.21242686444685352,0.007739269786906603,0.0,False,400
False,0,False,False,0.16204052849787048,0.00997388358109217,0.0,False,400
False,0,False,False,0.1739381042812843,0.007716068879168396,0.0,False,400
False,0,False,False,0.0985098724911409,0.004996210139954486,0.0,False,400
False,0,False,False,0.24888322809033422,0.001684890006434175,0.0,False,400
False,0,False,False,0.2979416175603916,0.008779545374584518,0.0,False,400
False,0,False,False,0.31231530627878723,0.00388052219581716,0.0,False,400
False,0,False,False,0.08471072952179116,0.013788729704561251,0.0,False,400
False,0,False,False,0.2806705350208953,0.0018292928722607846,0.0,False,400
False,0,False,False,0.22721466500037285,0.005091301235669637,0.0,False,400
False,0,False,False,0.06752372203235166,0.0067037645640364305,0.0,False,400
False,0,False,False,0.15810014307474662,0.0020716665789845302,0.0,False,400
False,0,False,False,0.16263446329760173,0.002709173784734664,0.0,False,400
False,0,False,False,0.07948608664834998,0.003081436220400689,0.0,False,400
False,0,False,False,0.09713805157000685,0.009151172030575682,0.0,False,400
False,0,False,False,0.09686114958362509,0.004207224229495075,0.0,False,400
False,0,False,False,0.09910249341556071,0.0024246206531430827,0.0,False,400
False,0,False,False,0.05686461100847351,0.0023543133007447167,0.0,False,400
False,0,False,False,0.14739294703812827,0.01004419441087142,0.0,False,400
False,0,False,False,0.1653864012318448,0.0012492167303060533,0.0,False,400
False,0,False,False,0.2644147409076705,0.0019279753453039943,0.0,False,400
False,0,False,False,0.16265628257496417,0.004745072538053237,0.0,False,400
False,0,False,False,0.1420376625441149,0.01521425396687949,0.0,False,400
False,0,False,False,0.0532183594421073,0.005655040627059371,0.0,False,400
False,0,False,False,0.2125333393343504,0.005421316772748391,0.0,False,400
False,0,False,False,0.19509679559796386,0.008770518062572634,0.0,False,400
False,0,False,False,0.3487504680110822,0.01030946332931537,0.0,False,400
False,0,False,False,0.11732215746846042,0.005260411294971165,0.0,False,400
False,0,False,False,0.07128205681615996,0.0025052125180061663,0.0,False,400
False,0,False,False,0.39565699694288015,0.004822453888939053,0.0,False,400
False,0,False,False,0.29519502063656844,0.007333592248682105,0.0,False,400
False,0,False,False,0.3937245432723105,0.0069081025846211026,0.0,False,400
False,0,False,False,0.13652055925870057,0.004772170374690377,0.0,False,400
False,0,False,False,0.2752166866769283,0.008465281009843086,0.0,False,400
False,0,False,False,0.1818823045441953,0.004617297787603637,0.0,False,400
False,0,False,False,0.20209675576759933,0.0039523595419044,0.0,False,400
False,0,False,False,0.3104245776456639,0.002414795185200353,0.0,False,400
False,0,True,True,0.06569083278769859,20.467121093527414,0.0,False,221
False,0,False,False,0.17747154852254887,0.013973751408825891,0.0,False,400
False,0,False,False,0.08827630008610302,0.00271573895805507,0.0,False,400
False,0,False,False,0.17037921679789605,0.002679406554815214,0.0,False,400
False,0,False,False,0.07776862050351599,0.005133610235040485,0.0,False,400
False,0,False,False,0.1741047656465473,0.002358124665798298,0.0,False,400
False,0,False,False,0.15331387720964632,0.007571572150940046,0.0,False,400
False,0,False,False,0.09875216271396607,0.006599860922036593,0.0,False,400
False,0,False,False,0.217062579866984,0.0020241811829767274,0.0,False,400
False,0,False,False,0.06277428817475601,0.008367472471917553,0.0,False,400
False,0,False,False,0.18561302670174606,0.00922145703822637,0.0,False,400
False,0,False,False,0.3391011396797063,0.005666305368641367,0.0,False,400
False,0,False,False,0.26997918472261995,0.004656128768106745,0.0,False,400
False,0,False,False,0.2310251362435787,0.004458217712775117,0.0,False,400
False,0,False,False,0.09542456636451635,0.008430545154141007,0.0,False,400
False,0,False,False,0.1347285884041101,0.005192898867430661,0.0,False,400
False,0,False,False,0.05752535296921975,0.005560589941312922,0.0,False,400
False,0,False,False,0.12035164319103303,0.006649946364859406,0.0,False,400
False,0,False,False,0.003261445628996602,0.004273077651491421,0.060020317914537664,True,10
False,0,False,False,0.16668074604566654,0.00524446326636617,0.0,False,400
False,0,False,False,0.09735189812564447,0.007919430803456537,0.0,False,400
False,0,False,False,0.33584041243039686,0.006866411270511383,0.0,False,400
False,0,False,False,0.2615938594279952,0.0031874204950465223,0.0,False,400
False,0,False,False,0.16319239623235562,0.009674050952616399,0.0,False,400
False,0,False,False,0.06498632234436046,0.000960003832114795,0.0,False,400
False,0,False,False,0.3718765490176021,0.0012778022608217626,0.0,False,400
False,0,False,False,0.05352898273531262,0.0017626663001911807,0.0,False,400
False,0,False,False,0.0006772067038274611,0.042634333573881286,0.06000506354831377,True,10
False,0,False,False,0.3472917911973993,0.003588762955005317,0.0,False,400
False,0,False,False,0.25665548379581804,0.0023632308018452872,0.0,False,400
False,0,False,False,0.10134956315516871,0.0016614665489658336,0.0,False,400
False,0,False,False,0.19319590257632638,0.007177163294384796,0.0,False,400
False,0,False,False,0.2336998074681241,0.006242968105434518,0.0,False,400
False,0,False,False,0.32755788443157546,0.00247572953284947,0.0,False,400
False,0,False,False,0.2299399889329855,0.0038866810051292203,0.0,False,400
False,0,False,False,0.36842839177592496,0.005232079483049499,0.0,False,400
False,0,False,False,0.13096811012904144,0.000985968843119813,0.0,False,400
False,0,False,False,0.11692958063943691,0.0023056893550253863,0.0,False,400
False,0,False,False,0.07840451335848099,0.004215447095983193,0.0,False,400
False,0,False,False,0.15054619038895636,0.002059531217156512,0.0,False,400
False,0,False,False,0.1623892799663314,0.0075897087006716124,0.0,False,400
False,0,False,False,0.1737584831599468,0.011289899064733771,0.0,False,400
False,0,False,False,0.16138378284148686,0.0024417811353305173,0.0,False,400
False,0,False,False,0.20986614076904764,0.0019370966946504267,0.0,False,400
False,0,False,False,0.2098412729867112,0.006590152077777463,0.0,False,400
False,0,False,False,0.10604227554101539,0.003685215121008884,0.0,False,400
False,0,False,False,0.3267733110439335,0.007598199762368214,0.0,False,400
False,0,False,False,0.29188208757674894,0.008008512176195252,0.0,False,400
False,0,False,False,0.17557185982722176,0.009001576798301191,0.0,False,400
False,0,False,False,0.19816683364539336,0.0008568714933227746,0.0,False,400
False,0,False,False,0.4115717305503536,0.005606062077299498,0.0,False,400
True,4,False,False,0.006482716202551199,0.0028849011509888803,0.0,False,400
False,0,False,False,0.29269808491684857,0.0075575587976543426,0.0,False,400
False,0,False,False,0.22599391273362035,0.0030917105394664174,0.0,False,400
False,0,False,False,0.21185416776343016,0.0033899126441545727,0.0,False,400
False,0,False,False,0.24899261165002692,0.006516105738280264,0.0,False,400
False,0,False,False,0.24381005211843446,0.008588405075264476,0.0,False,400
False,0,False,False,0.19165471878215523,0.006420923897188434,0.0,False,400
False,0,False,False,0.20457162986543662,0.0034892665611307564,0.0,False,400
False,0,False,False,0.11837520681218863,0.00441834329229603,0.0,False,400
False,0,False,False,0.2587733439552007,0.0019748845629128527,0.0,False,400
False,0,False,False,0.10585337487177181,0.008356510667896002,0.0,False,400
False,0,False,False,0.23237074565475244,0.0009848407611456075,0.0,False,400
False,0,False,False,0.11636166249425614,0.008626516973316813,0.0,False,400
False,0,False,False,0.1540372077474256,0.0014619217776363303,0.0,False,400
False,0,False,False,0.2647458268857915,0.00899590270542835,0.0,False,400
False,0,False,False,0.16760655364977797,0.001499290943462929,0.0,False,400
False,0,False,False,0.10450369462080629,0.0035446056840378903,0.0,False,400
False,0,False,False,0.2753250777399344,0.0048124290392328435,0.0,False,400
False,0,False,False,0.3164568582620387,0.002837470826274289,0.0,False,400
False,0,False,False,0.39091078655398304,0.005313541828326953,0.0,False,400
False,0,False,False,0.15728203248756775,0.003756775571151113,0.0,False,400
False,0,False,False,0.38888275656200466,0.007028049294928901,0.0,False,400
False,0,False,False,0.10614902042101473,0.007546861631173483,0.0,False,400
False,0,False,False,0.24999647571044972,0.004276541542058487,0.0,False,400
False,0,False,False,0.1660829042918438,0.014080534405461191,0.0,False,400
False,0,False,False,0.053327758185765,0.0019265269428496046,0.0,False,400
False,0,False,False,0.21721430790025475,0.0022107701579206235,0.0,False,400
False,0,False,False,0.19663322663033875,0.0022180120798764484,0.0,False,400
False,0,False,False,0.25566046930810393,0.006541567939119202,0.0,False,400
False,0,False,False,0.16322534186823554,0.011333326722238312,0.0,False,400
False,0,False,False,0.051897403269321095,0.019940920795303286,0.0,False,400
False,0,False,False,0.22894908596250307,0.0010376153173789213,0.0,False,400
False,0,False,False,0.14600688370916792,0.00795474688803199,0.0,False,400
False,0,False,False,0.24414969705193562,0.013672713914164655,0.0,False,400
False,0,False,False,0.06923307776403402,0.008078518495150315,0.0,False,400
False,0,False,False,0.26179550576969307,0.0033309759706782703,0.0,False,400
False,0,False,False,0.1790245047082297,0.004020743720608649,0.0,False,400
False,0,False,False,0.1347991463353084,0.005991513615619136,0.0,False,400
False,0,False,False,0.4487132010928419,0.004840473961870484,0.0,False,400
False,0,False,False,0.06236447352862401,0.005804758300657761,0.0,False,400
